{
  "hunger": {
    "exploration": 0.25733333333333336,
    "hazard_exposure": 0.32941666666666664,
    "clustering": 0.0765,
    "goal_switch_rate": 0.0,
    "deaths": 131.83333333333334,
    "sample_map": "\u00b7\u00b7\u00b7\u00b7\u00b7\u00b7\u00b7\u00b7\u00b7\u00b7\u00b7\u00b7\u00b7\u00b7\u00b7\u00b7\u00b7\u00b7\u25b2\u2663\n\u00b73\u00b7\u00b7\u00b7\u00b7\u00b7\u00b7\u00b70\u00b7\u00b7\u00b7\u00b7\u00b7\u00b7\u2663\u00b7\u00b7\u00b7\n\u00b7\u00b7\u00b7\u00b7\u00b7\u00b7\u00b7\u00b7\u00b7\u00b7\u2663\u00b7\u00b7\u00b7\u00b7\u00b7\u00b7\u00b7\u00b7\u00b7\n\u00b7\u00b7\u00b7\u00b7\u2663\u00b7\u00b7\u00b7\u00b7\u00b7\u00b7\u00b7\u00b7\u00b7\u00b7\u00b7\u00b7\u00b7\u00b7\u2663\n\u00b7\u00b7\u00b7\u00b7\u00b7\u00b7\u00b7\u2663\u00b7\u2663\u00b7\u00b7\u00b7\u00b7\u00b7\u00b7\u25b2\u00b7\u00b71\n\u00b7\u00b7\u00b7\u00b7\u00b7\u00b7\u25b2\u00b7\u00b7\u00b7\u2663\u00b7\u00b7\u00b7\u25b2\u00b7\u00b7\u00b7\u00b7\u00b7\n\u00b7\u25b2\u00b7\u00b7\u00b7\u00b7\u00b7\u00b7\u00b7\u00b7\u00b7\u2663\u00b7\u00b7\u00b7\u00b7\u25b2\u00b7\u00b7\u00b7\n\u00b7\u00b7\u00b7\u00b7\u00b7\u00b7\u00b7\u00b7\u2663\u00b7\u00b7\u00b7\u00b7\u2663\u2663\u00b7\u00b74\u00b7\u00b7\n\u00b72\u00b7\u00b7\u00b7\u00b7\u00b7\u00b7\u00b7\u00b7\u00b7\u2663\u00b7\u00b7\u00b7\u00b7\u00b7\u00b7\u00b7\u25b2\n\u00b7\u00b7\u25b2\u00b7\u00b7\u2663\u00b7\u00b7\u00b7\u00b7\u00b7\u00b7\u00b7\u00b7\u00b7\u00b7\u00b7\u00b7\u00b7\u00b7\n\u00b7\u00b7\u00b7\u00b7\u00b7\u00b7\u00b7\u00b7\u00b7\u25b2\u00b7\u00b7\u00b7\u00b7\u2663\u00b7\u00b7\u00b7\u00b7\u00b7\n\u00b7\u00b7\u00b7\u00b7\u00b7\u00b7\u00b7\u2663\u00b7\u00b7\u00b7\u25b2\u2663\u00b7\u00b7\u00b7\u00b7\u00b7\u00b7\u00b7\n\u00b7\u00b7\u00b7\u00b7\u00b7\u00b7\u00b7\u00b7\u00b7\u00b75\u00b7\u00b7\u00b7\u2663\u00b7\u2663\u2663\u25b2\u00b7\n\u2663\u2663\u00b7\u00b7\u00b7\u00b7\u00b7\u00b7\u00b7\u00b7\u00b7\u00b7\u00b7\u00b7\u00b7\u00b7\u00b7\u00b7\u00b7\u00b7\n\u2663\u00b7\u00b7\u00b7\u00b7\u00b7\u00b7\u00b7\u00b7\u00b7\u00b7\u00b7\u00b7\u00b7\u00b7\u00b7\u00b7\u00b7\u00b7\u00b7\n\u00b7\u00b7\u25b2\u00b7\u00b7\u00b7\u00b7\u00b7\u00b7\u00b7\u00b7\u25b2\u00b7\u00b7\u00b7\u00b7\u2663\u00b7\u00b7\u00b7\n\u00b7\u00b7\u00b7\u00b7\u00b7\u00b7\u00b7\u2663\u00b7\u25b2\u00b7\u00b7\u2663\u00b7\u00b7\u00b7\u00b7\u00b7\u2663\u00b7\n\u00b7\u00b7\u00b7\u00b7\u00b7\u25b2\u00b7\u00b7\u00b7\u2663\u00b7\u00b7\u2663\u25b2\u00b7\u00b7\u00b7\u00b7\u00b7\u2663\n\u00b7\u00b7\u00b7\u00b7\u00b7\u00b7\u00b7\u00b7\u00b7\u00b7\u00b7\u00b7\u00b7\u00b7\u00b7\u00b7\u2663\u00b7\u00b7\u00b7\n\u00b7\u00b7\u00b7\u00b7\u00b7\u00b7\u2663\u00b7\u2663\u00b7\u2663\u2663\u00b7\u00b7\u00b7\u00b7\u00b7\u00b7\u00b7\u00b7"
  },
  "+curiosity": {
    "exploration": 0.2986666666666667,
    "hazard_exposure": 0.38679166666666664,
    "clustering": 0.10658333333333332,
    "goal_switch_rate": 0.11886304909560723,
    "deaths": 199.16666666666666,
    "sample_map": "\u00b7\u00b7\u2663\u00b7\u00b7\u00b7\u00b7\u00b7\u2663\u2663\u00b7\u00b7\u00b7\u00b7\u00b7\u00b7\u00b7\u00b7\u25b2\u2663\n\u00b7\u00b7\u2663\u00b7\u00b7\u00b7\u00b7\u00b7\u00b7\u2663\u00b7\u00b7\u00b7\u00b7\u00b7\u00b7\u2663\u00b7\u00b7\u00b7\n\u00b7\u00b7\u00b7\u00b7\u00b7\u00b7\u00b7\u00b7\u00b7\u00b7\u2663\u00b7\u00b7\u00b7\u00b7\u00b7\u00b7\u00b7\u00b7\u00b7\n\u00b7\u2663\u00b7\u00b7\u2663\u00b7\u00b7\u00b7\u00b7\u00b7\u00b7\u00b7\u00b7\u2663\u00b7\u00b7\u00b7\u00b7\u00b7\u2663\n\u00b7\u00b7\u00b7\u00b7\u00b7\u00b7\u00b7\u2663\u00b7\u2663\u00b7\u00b7\u00b7\u00b7\u00b7\u00b7\u25b2\u00b7\u00b7\u00b7\n\u00b70\u00b7\u00b7\u00b7\u00b7\u25b2\u00b7\u00b7\u00b7\u2663\u00b7\u00b7\u00b7\u25b2\u00b7\u00b7\u00b72\u00b7\n\u00b7\u25b2\u00b7\u00b7\u00b7\u00b7\u00b7\u00b7\u00b7\u00b7\u00b7\u2663\u00b7\u00b7\u00b7\u00b7\u25b2\u00b7\u00b7\u00b7\n\u00b7\u00b7\u00b7\u00b7\u00b7\u00b7\u00b7\u00b7\u2663\u00b7\u00b7\u00b7\u00b7\u2663\u2663\u00b7\u00b7\u00b7\u00b7\u00b7\n\u00b7\u00b7\u00b7\u00b7\u00b7\u00b7\u00b7\u00b7\u00b7\u00b7\u00b7\u2663\u00b7\u00b7\u00b7\u00b7\u00b7\u00b7\u00b7\u25b2\n\u00b7\u00b7\u25b2\u00b7\u00b7\u2663\u00b7\u00b7\u00b7\u00b7\u00b7\u00b7\u00b7\u00b7\u00b7\u00b7\u00b7\u00b7\u00b7\u2663\n\u00b7\u00b7\u00b7\u2663\u2663\u00b7\u00b7\u00b7\u2663\u25b2\u00b7\u00b7\u00b7\u00b7\u2663\u00b7\u00b7\u00b7\u00b7\u00b7\n\u00b7\u00b7\u00b7\u00b7\u00b7\u00b7\u00b7\u2663\u00b7\u00b7\u00b7\u25b2\u2663\u00b7\u00b7\u00b7\u00b7\u00b7\u00b7\u00b7\n\u00b7\u00b7\u00b71\u00b7\u00b7\u00b7\u00b7\u2663\u00b7\u00b7\u00b7\u00b7\u00b7\u2663\u00b7\u2663\u2663\u25b2\u00b7\n\u00b7\u00b7\u00b7\u00b7\u00b7\u00b7\u00b7\u00b7\u00b7\u00b7\u2663\u00b7\u00b7\u00b7\u00b7\u00b74\u00b7\u00b7\u2663\n\u00b7\u00b7\u00b7\u00b7\u00b7\u00b7\u00b7\u00b7\u00b7\u00b7\u00b7\u00b7\u00b7\u00b7\u00b7\u00b7\u00b7\u00b7\u00b7\u00b7\n\u00b7\u00b7\u25b2\u00b7\u00b7\u00b7\u00b7\u00b7\u00b7\u00b7\u00b7\u25b2\u00b7\u00b7\u00b7\u00b7\u00b7\u00b7\u00b7\u00b7\n\u00b7\u00b7\u00b7\u00b7\u00b7\u00b75\u2663\u00b7\u25b2\u00b7\u00b7\u2663\u00b7\u00b7\u00b7\u00b7\u00b7\u2663\u00b7\n\u00b7\u00b7\u00b7\u00b7\u00b7\u25b2\u00b7\u00b7\u00b7\u2663\u00b7\u00b7\u2663\u25b2\u00b7\u00b7\u00b7\u00b7\u00b7\u2663\n\u00b7\u00b7\u00b7\u00b7\u00b7\u00b7\u00b7\u00b7\u00b7\u00b7\u00b7\u00b7\u00b7\u00b7\u00b7\u00b7\u00b7\u00b7\u00b7\u00b7\n\u00b7\u00b7\u00b7\u00b7\u00b7\u00b7\u00b7\u00b7\u00b7\u00b7\u00b7\u2663\u00b7\u00b7\u00b7\u00b7\u00b7\u00b7\u00b73"
  },
  "+safety": {
    "exploration": 0.165,
    "hazard_exposure": 0.056083333333333325,
    "clustering": 0.35833333333333334,
    "goal_switch_rate": 0.08939734933733434,
    "deaths": 248.33333333333334,
    "sample_map": "\u00b7\u00b7\u2663\u00b7\u00b7\u00b7\u00b7\u00b7\u00b7\u2663\u00b72\u00b7\u00b7\u00b7\u00b7\u00b7\u00b7\u25b2\u2663\n\u00b7\u00b7\u2663\u00b7\u00b7\u00b75\u00b7\u00b7\u2663\u00b7\u00b7\u00b7\u00b7\u00b7\u00b7\u2663\u00b7\u00b7\u00b7\n\u00b7\u00b7\u00b70\u00b7\u00b7\u00b7\u00b7\u00b7\u00b7\u00b7\u00b7\u00b7\u00b7\u00b7\u00b7\u00b7\u00b7\u00b7\u00b7\n\u00b7\u2663\u00b7\u00b7\u2663\u00b7\u00b7\u00b7\u00b7\u00b7\u00b7\u00b7\u00b7\u2663\u00b7\u00b7\u2663\u00b7\u00b7\u2663\n\u00b7\u00b7\u00b7\u00b7\u00b7\u00b7\u00b7\u2663\u00b7\u2663\u00b7\u00b7\u00b7\u00b7\u00b7\u00b7\u25b2\u2663\u00b7\u2663\n\u00b7\u00b7\u00b7\u00b7\u00b7\u00b7\u25b2\u00b7\u00b7\u00b7\u2663\u00b7\u00b7\u00b7\u25b2\u00b7\u00b7\u00b7\u00b7\u00b7\n\u2663\u25b2\u00b7\u00b7\u00b7\u00b7\u00b7\u00b7\u00b7\u00b7\u00b7\u2663\u00b7\u00b7\u00b7\u00b7\u25b2\u00b7\u00b7\u00b7\n\u00b7\u00b7\u00b7\u00b7\u00b7\u00b7\u00b7\u00b7\u2663\u00b7\u00b7\u00b7\u00b7\u2663\u2663\u00b7\u00b7\u00b7\u00b7\u00b7\n\u00b7\u2663\u00b7\u00b7\u00b7\u00b7\u00b7\u00b7\u00b7\u00b7\u00b7\u2663\u00b7\u00b7\u00b7\u00b7\u00b7\u00b7\u00b7\u25b2\n\u00b7\u00b7\u25b2\u00b7\u00b7\u2663\u00b7\u00b7\u00b7\u00b7\u00b7\u00b7\u00b7\u00b7\u00b7\u00b7\u00b7\u00b7\u00b7\u2663\n\u00b7\u00b7\u2663\u2663\u2663\u00b7\u00b7\u00b7\u2663\u25b2\u00b7\u00b7\u00b7\u00b7\u2663\u00b7\u00b7\u00b7\u00b7\u00b7\n\u00b7\u00b7\u00b7\u00b7\u00b7\u00b7\u00b7\u2663\u00b7\u00b7\u00b7\u25b2\u2663\u00b7\u00b7\u00b7\u00b7\u00b7\u00b7\u00b7\n4\u00b7\u00b7\u00b7\u00b7\u00b7\u00b7\u00b7\u2663\u00b7\u00b7\u00b7\u00b7\u00b7\u2663\u00b7\u2663\u2663\u25b2\u00b7\n\u00b7\u2663\u00b7\u00b7\u00b7\u00b7\u00b7\u00b7\u00b7\u00b7\u2663\u00b7\u00b7\u00b7\u00b7\u00b7\u00b7\u00b7\u00b7\u2663\n\u2663\u00b7\u00b7\u00b7\u00b7\u00b7\u00b7\u00b7\u00b7\u00b7\u00b7\u00b7\u00b7\u00b7\u00b7\u00b7\u00b7\u00b7\u00b7\u00b7\n\u00b7\u00b7\u25b2\u00b7\u00b7\u00b7\u00b7\u00b7\u00b7\u00b7\u00b7\u25b2\u00b7\u00b7\u00b7\u00b7\u2663\u00b7\u00b71\n\u00b7\u00b7\u00b7\u00b7\u00b7\u00b7\u00b7\u2663\u00b7\u25b2\u00b7\u00b7\u2663\u00b7\u00b7\u00b7\u00b7\u00b7\u00b7\u00b7\n\u00b7\u00b7\u00b7\u00b7\u00b7\u25b2\u00b7\u00b7\u00b7\u2663\u00b7\u00b7\u2663\u25b2\u00b7\u00b7\u00b7\u00b7\u00b7\u2663\n\u00b7\u00b7\u00b7\u00b7\u00b7\u00b7\u00b7\u00b7\u00b7\u00b7\u00b7\u00b7\u00b7\u00b7\u00b7\u00b7\u26633\u00b7\u00b7\n\u00b7\u00b7\u00b7\u00b7\u00b7\u00b7\u2663\u00b7\u2663\u00b7\u2663\u2663\u00b7\u00b7\u00b7\u00b7\u00b7\u00b7\u00b7\u00b7"
  },
  "+social": {
    "exploration": 0.215,
    "hazard_exposure": 0.19125,